id;title;description;done;created_date;schedule;priority
1;mobile Fish;Home Loan Account Table Computer;false;2019-06-27T08:00:26;2019-06-26T22:14:28;LOW
2;Tasty Metal Bacon;red Chips Soap;false;2019-06-27T04:20:59;2019-06-27T06:26:06;HIGH
3;Namibia;Steel zero administration;false;2019-06-27T13:26:34;2019-06-27T08:05:01;HIGH
4;syndicate;Mississippi Refined Rubber Chicken Table;false;2019-06-27T18:42:39;2019-06-26T20:15:22;MEDIUM
5;Public-key;infomediaries;false;2019-06-27T04:23:22;2019-06-27T07:08:42;LOW
6;copy convergence;Mayotte;false;2019-06-27T18:16:39;2019-06-26T19:45:34;LOW
7;capacitor archive;sky blue Tasty Plastic Pizza;false;2019-06-27T01:05:37;2019-06-27T12:31:01;MEDIUM
8;Home Loan Account;Plastic;true;2019-06-27T15:03:46;2019-06-27T17:14:24;HIGH
9;reinvent 24 hour Jewelery;monitor;true;2019-06-27T00:03:54;2019-06-27T00:31:08;URGENT
10;generating Highway Ergonomic;moratorium moratorium;true;2019-06-27T04:50:17;2019-06-27T03:43:41;HIGH
